NUMBER,WHO_ID,DATASET,PROP_ID,WHO_REGION,COUNTRY_TERRITORY_AREA,COUNTRY_CODE,ISO_3166_1_NUMERIC,ADMIN_LEVEL,AREA_COVERED,PROV_CATEGORY,PROV_SUBCATEGORY,PROV_MEASURE,WHO_CODE,WHO_CATEGORY,WHO_SUBCATEGORY,WHO_MEASURE,TARGETED,VALUE_USD,PERCENT_INTEREST,COMMENTS,NON_COMPLIANCE,RESPONSE_TYPE,SOURCE,SOURCE_TYPE,LINK,SOURCE_ALT,DATE_START,DATE_END,DATE_ENTRY,Sys_BatchID
17096,GPHIN04649,GPHIN,4649,AFRO,South Africa,ZAF,710,national,,,,TRAVEL BAN,5.7,International travel measures,,Suspending or restricting international flights,,,,"South Africa begain a 21-day lockdown on 27 March. All but essential workers must stay home, with only trips to buy groceries or seek medical attention allowed. All restaurants, fast-food outlets, pubs, bars and taverns will be shut and transportation of alcohol has been banned. Ports, land border crossings and airports are effectively shut to passenger traffic. South African police and soldiers have used rubber bullets to enforce lockdown.",,,,Media,https://www.theguardian.com/world/2020/mar/28/south-africa-police-rubber-bullets-shoppers-covid-19-lockdown,,2020-03-31,,2020-03-31,9261
7560,ACAPS_7560,ACAPS,1850,AFRO,South Africa,ZAF,710,national,,Governance and socio-economic measures,,Emergency administrative structures activated or established,8.3,Other measures,,Financial packages,Yes,,,Temporary shelters that meet the necessary hygiene standards will be identified for homeless people. Sites are also being identified for quarantine and self-isolation for people who cannot self-isolate at home.,Not applicable,Introduction / extension of measures,President press conference,Government,https://www.youtube.com/watch?v=H94eg5gEDeE,https://www.cnbcafrica.com/news/2020/03/23/breaking-nationwide-lockdown-announced-in-south-africa/,2020-03-27,,2020-03-23,9261
20614,GPHIN06527,GPHIN,6527,AFRO,South Africa,ZAF,710,national,,,,LOCKDOWN OR CURFEW,4.5.2,Social and physical distancing measures,Domestic travel,Stay-at-home order,,,,"KwaZulu-Natal authorities announced additional lockdown measures as of 20 April. As such, screening, testing, as well as stricter law enforcement operations will increase in the province.
A previously imposed nationwide lockdown remains in effect until  30 April. The lockdown, prohibits people from leaving their homes unless they are buying food, seeking medical help, or collecting social grants. Emergency responders, health workers, and security services staff are exempted from the measures. All businesses have been ordered to close except for supermarkets, pharmacies, laboratories, banks, petrol stations, health-care providers, and the Johannesburg Stock Exchange. In addition, nearly 20,000 police and soldiers have been deployed to maintain order and ensure that people are respecting lockdown measures.",,,,Media,https://www.garda.com/crisis24/news-alerts/334696/south-africa-authorities-announce-additional-lockdown-measures-in-kwazulu-natal-from-april-20-update-9,,2020-04-21,,2020-04-21,9261
10653,CDC_ITF_1568,CDC_ITF,CDC-ITF-ZA-00010,AFRO,South Africa,ZAF,710,national,,,Movement restrictions,Mandatory lockdown,4.5.2,Social and physical distancing measures,Domestic travel,Stay-at-home order,,,,all south africans to stay at home except for foodmedical care,,Impose,,,https://www.aljazeera.com/news/2020/03/south-africans-brace-21-day-lockdown-virus-cases-rise-200324073801136.html,,2020-03-26,,2020-03-25,9261
20611,GPHIN06527,GPHIN,6527,AFRO,South Africa,ZAF,710,national,,,,MASS GATHERING CANCELLATION,4.3.4,Social and physical distancing measures,"Gatherings, businesses and services","Cancelling, restricting or adapting mass gatherings",,,,"KwaZulu-Natal authorities announced additional lockdown measures as of 20 April. As such, screening, testing, as well as stricter law enforcement operations will increase in the province.
A previously imposed nationwide lockdown remains in effect until  30 April. The lockdown, prohibits people from leaving their homes unless they are buying food, seeking medical help, or collecting social grants. Emergency responders, health workers, and security services staff are exempted from the measures. All businesses have been ordered to close except for supermarkets, pharmacies, laboratories, banks, petrol stations, health-care providers, and the Johannesburg Stock Exchange. In addition, nearly 20,000 police and soldiers have been deployed to maintain order and ensure that people are respecting lockdown measures.",,,,Media,https://www.garda.com/crisis24/news-alerts/334696/south-africa-authorities-announce-additional-lockdown-measures-in-kwazulu-natal-from-april-20-update-9,,2020-04-21,,2020-04-21,9261
16435,GPHIN04085,GPHIN,4085,AFRO,South Africa,ZAF,710,national,,,,QUARANTINE / MONITORING,3.2.2,Surveillance and response measures,Tracing and quarantining contacts,Quarantine,,,,"South Africa will impose a nationwide lockdown for 21 days from midnight on Thursday 26 March to try to contain the coronavirus outbreak, President Cyril Ramaphosa said on Monday, as the number of confirmed cases jumped by 128 to 402.",,,,Media,https://nationalpost.com/pmn/health-pmn/south-africa-to-impose-21-day-lockdown-as-coronavirus-cases-jump-2,,2020-03-23,,2020-03-23,9261
7565,ACAPS_7565,ACAPS,3139,AFRO,South Africa,ZAF,710,national,,Public health measures,,Mass population testing,3.1.2,Surveillance and response measures,Detecting and isolating cases,Active case detection,No,,,"South Africa has launched a mass screening programme with 10,000 fied workers to visit homes of citizens/residents. DOI: 31/03/2020",,Introduction / extension of measures,BBC,Media,https://www.bbc.com/news/live/world-africa-47639452,,2020-03-30,,2020-03-31,9261
27475,OxCGRT5437,OxCGRT,OXCGRT018626,AFRO,South Africa,ZAF,710,national,,,,C2 - workplace closing - 3,4.2.2,Social and physical distancing measures,"Offices, businesses, institutions and operations",Closing,1,,,"South Africa's lockdown to prevent the spread of Coronavirus became effective from 26 March 2020 and was announced by President Cyril Ramaphosa in an address to the nation on 30 March 2020. All shops and businesses are to close, with the exemption of pharmacies, laboratories, banks, the Johannesburg Stock Exchange, supermarkets, petrol stations and healthcare providers. Until 1st May when national coronavirus alert level will be lowered from level 5 to level 4 with effect from Friday the 1st of May.   /web/20200430104131/https://www.aljazeera.com/news/2020/03/south-africans-brace-21-day-lockdown-virus-cases-rise-200324073801136.html  /web/20200430104023/https://www.youtube.com/watch?v=hpmWE1hQ7jE  /web/20200430104803/https://www.gov.za/speeches/president-cyril-ramaphosa-south-africas-response-coronavirus-covid-19-pandemic-23-apr-2020",Required,,,,,,2020-03-26,,,9261
20934,GPHIN06726,GPHIN,6726,AFRO,South Africa,ZAF,710,national,,,,LOCKDOWN OR CURFEW,4.5.2,Social and physical distancing measures,Domestic travel,Stay-at-home order,,,,"South African President plans to deploy more than 73,000 extra troops to help implement a nationwide coronavirus lockdown.  The country is four weeks into a strict police and military-enforced shutdown. Security forces have struggled to keep people indoors -- particularly in overcrowded townships -- and the police have been grappling with illegal alcohol sales, sometimes involving its own men.",,,,Media,https://www.urdupoint.com/en/world/safrica-to-deploy-73000-more-troops-for-loc-900832.html,,2020-04-22,,2020-04-22,9261
7586,ACAPS_7586,ACAPS,8386,AFRO,South Africa,ZAF,710,national,,Social distancing,,Public services closure,4,Social and physical distancing measures,,,Yes,,,"From next month, restaurants will be able to sell hot cooked food for home delivery. Sit down or pick-up are still not permitted.",Not applicable,Phase-out measure,South African Government,Social media,https://twitter.com/GovernmentZA/status/1255065114690158592?s=20,,2020-05-01,,2020-04-30,9261
7566,ACAPS_7566,ACAPS,4642,AFRO,South Africa,ZAF,710,national,,Lockdown,,Full lockdown,4.5.2,Social and physical distancing measures,Domestic travel,Stay-at-home order,No,,,South Africa has decided to extend its inital 21 day lockdown (which was due to end on the 16th April) for a further two weeks.,Up to detention,Introduction / extension of measures,South African Government,Social media,https://twitter.com/GovernmentZA/status/1248322712533164033/photo/1,,2020-04-09,,2020-04-10,9261
7575,ACAPS_7575,ACAPS,7273,AFRO,South Africa,ZAF,710,national,,Public health measures,,Other public health measures enforced,2,Environmental measures,,,No,,,The ban on the sale of cigarrettes to be lifted.,Not applicable,Phase-out measure,BBC,Media,https://www.bbc.com/news/world-africa-52404621,,2020-05-01,,2020-04-24,9261
7551,ACAPS_7551,ACAPS,927,AFRO,South Africa,ZAF,710,national,,Social distancing,,Limit public gatherings,4.3,Social and physical distancing measures,"Gatherings, businesses and services",,No,,,"The assembly of more than 50 persons at premises where liquor is sold and consumed is prohibited. Any person who breaks this law and convenes such a gathering is guilty of an offence and, on conviction, liable to a fine or to imprisonment for a period not exceeding six months or to both such fine and imprisonment.",Up to detention,Introduction / extension of measures,SA Government,Government,https://www.sanews.gov.za/south-africa/covid-19-regulations-limit-alcohol-sale-hours,https://www.youtube.com/watch?v=4ZMnf98uIj4&feature=emb_rel_end,2020-03-20,,2020-03-20,9261
7588,ACAPS_7588,ACAPS,8388,AFRO,South Africa,ZAF,710,national,,Social distancing,,Limit public gatherings,4.3,Social and physical distancing measures,"Gatherings, businesses and services",,No,,,"Walking, jogging and cycling will be permitted only between 9am and 6am.",Up to detention,Introduction / extension of measures,South African Government,Social media,https://twitter.com/GovernmentZA/status/1255741978815463426?s=20,,2020-05-01,,2020-04-30,9261
7562,ACAPS_7562,ACAPS,1852,AFRO,South Africa,ZAF,710,national,,Governance and socio-economic measures,,Economic measures,8.3,Other measures,,Financial packages,Yes,,,Any employee who falls ill through exposure at their workplace will be paid through the Compensation Fund.,Not applicable,Introduction / extension of measures,CBNC Africa,Media,https://www.cnbcafrica.com/news/2020/03/23/breaking-nationwide-lockdown-announced-in-south-africa/,,2020-03-27,,2020-03-23,9261
7563,ACAPS_7563,ACAPS,2154,AFRO,South Africa,ZAF,710,national,,Public health measures,,Health screenings in airports and border crossings,5.5,International travel measures,,Entry screening and isolation or quarantine,No,,,Tourist leaving the country will be subjected to testing at three major airports in SA.,Not applicable,Introduction / extension of measures,SA Travel Trade,Social media,https://twitter.com/SATravelTrade/status/1242409469444870144?ref_src=twsrc%5Etfw%7Ctwcamp%5Etweetembed%7Ctwterm%5E1242409469444870144&ref_url=https%3A%2F%2Fwww.capetown.travel%2Fcovid-19-what-travellers-in-cape-town-need-to-know%2F,,2020-03-24,,2020-03-24,9261
20613,GPHIN06527,GPHIN,6527,AFRO,South Africa,ZAF,710,national,,,,CLOSING PUBLIC PLACES,4.2.2,Social and physical distancing measures,"Offices, businesses, institutions and operations",Closing,,,,"KwaZulu-Natal authorities announced additional lockdown measures as of 20 April. As such, screening, testing, as well as stricter law enforcement operations will increase in the province.
A previously imposed nationwide lockdown remains in effect until  30 April. The lockdown, prohibits people from leaving their homes unless they are buying food, seeking medical help, or collecting social grants. Emergency responders, health workers, and security services staff are exempted from the measures. All businesses have been ordered to close except for supermarkets, pharmacies, laboratories, banks, petrol stations, health-care providers, and the Johannesburg Stock Exchange. In addition, nearly 20,000 police and soldiers have been deployed to maintain order and ensure that people are respecting lockdown measures.",,,,Media,https://www.garda.com/crisis24/news-alerts/334696/south-africa-authorities-announce-additional-lockdown-measures-in-kwazulu-natal-from-april-20-update-9,,2020-04-21,,2020-04-21,9261
7587,ACAPS_7587,ACAPS,8387,AFRO,South Africa,ZAF,710,national,,Movement restrictions,,Curfews,4.5.2,Social and physical distancing measures,Domestic travel,Stay-at-home order,No,,,"As South Africa moves into level 4 restrictions, the lockdown will be lifted, but there will be restructions on movement between 8pm and 5am.",Up to detention,Introduction / extension of measures,South African Government,Social media,https://twitter.com/GovernmentZA/status/1255570702486376453?s=20,,2020-05-01,,2020-04-30,9261
12978,GPHIN01484,GPHIN,1484,AFRO,South Africa,ZAF,710,national,,,,LAND SCREENING,5.5,International travel measures,,Entry screening and isolation or quarantine,,,,"South Africa's National Health Laboratory Service (NHLS), through its internal division the National Institute for Communicable Diseases, is tasked with conducting surveillance for COVID-19 as well as managing potential cases. It has a call centre to help identify any suspected cases. 
Suspected cases and samples of nasal and throat swabs are handled according to a national protocol. Those who are confirmed as infected would be transitioned into isolation units which already exist for diseases. Family, work and social contacts of confirmed cases would be screened and/or self-quarantined until they are shown to be negative. 
Travellers with high fever are being screening at all ports of entry. 
The government has a formal, inter-sectoral plan on how it responds appropriately to COVID-19.",,,,Media,https://www.dailymaverick.co.za/article/2020-02-21-coronavirus-dont-panic-but-south-africa-needs-to-be-prepared/,,2020-02-21,,2020-02-21,9261
27478,OxCGRT5440,OxCGRT,OXCGRT018626,AFRO,South Africa,ZAF,710,national,,,,C5 - close public transport  - 1,4.5.1,Social and physical distancing measures,Domestic travel,Suspending or restricting movement,1,,,"Significantly reduced.  (2) Transportation of passengers by buses is prohibited except when the bus is used for purposes of fearing passengers rendering essential services.  (1) All long- distance rail services, both public and private, must stop operations for the duration of the lockdown.  (1) All long distance and inter-provincial services are prohibited for the duration of the lockdown.  (1) A public transport sedan is limited to carrying not more than 50% of its permissible passenger carrying capacity.  Effective from 30 March 2020 until Friday, 3 April 2020, buses and taxis will be permitted to operate from 05:00 until 20:00 in order to cater to the transportation needs of society’s most vulnerable  https://web.archive.org/web/20200430111457/https://www.gov.za/Coronavirus/travel",Recommended,,,,,,2020-03-26,,,9261
27484,OxCGRT5446,OxCGRT,OXCGRT018630,AFRO,South Africa,ZAF,710,national,,,,E3 - fiscal measures,8.3,Other measures,,Financial packages,,2521000000,,"President Cyril Ramaphosa announced a series of fiscal measures in his address to the South African nation on 30/03/2020. I have used a rate of 17.939 (applicable on 30/03/2020) to translate R45.2bn to $2.521bn (USD), when the announcement was made.     Unemployment Insurance Fund to curb job losses $2,230bn   Industrial Development Corporation - Procurement of essential medical supplies $167.2m  South African Government - Relief to farmers and to contribute to security of food supply - $66.9m     Industrial Development Corporation - Funding for companies to apply under a special facility $29.5m   Small Enterprise Finance Agency - Small Debt Relief and Business Growth Facilities $27.9m     https://www.youtube.com/watch?v=4hOzN_qwNMY",,,,,,,2020-03-30,,,9261
27468,OxCGRT5430,OxCGRT,OXCGRT018616,AFRO,South Africa,ZAF,710,national,,,,C3 - cancel public events - 2,4.3.4,Social and physical distancing measures,"Gatherings, businesses and services","Cancelling, restricting or adapting mass gatherings",1,,,"""Gatherings of more than 100 people will be prohibited. Mass celebrations of upcoming national days such as Human Rights Day and other large government events will be cancelled,"" Ramaphosa said in a statement.  https://web.archive.org/web/20200427205023/https://sacoronavirus.co.za/2020/03/15/statement-by-president-cyril-ramaphosa-on-measures-to-combat-covid-19-epidemic/  https://web.archive.org/web/20200430105718/https://www.aa.com.tr/en/africa/south-africa-orders-schools-closed-as-covid-19-spreads/1767271",Required,,,,,,2020-03-16,,,9261
21097,GPHIN06840,GPHIN,6840,AFRO,South Africa,ZAF,710,national,,,,EASIND RESTRICTIONS,9,Coding required,Coding required,Coding required,,,,"South Africa's President said the government will allow a partial reopening of the economy on 1 May, with travel restrictions eased and some industries allowed to operate under a five-level risk system. He also said the National Coronavirus Command Council decided restrictions will be lowered from level 5 to level 4 from 1 May. 
International borders will remain closed while travel will be only allowed for essential services.",,,,Media,https://www.aljazeera.com/news/2020/04/trump-downplays-threat-coronavirus-returning-live-updates-200423000536161.html,,2020-04-23,,2020-04-23,9261
14661,GPHIN02704,GPHIN,2704,AFRO,South Africa,ZAF,710,national,,,,REPATRIATION,10,Not of interest,Not of interest,Not of interest,,,,South African Health Minister has said citizens currently quarantined in China will be returning home in the next few days.,,,,Media,https://www.aljazeera.com/news/2020/03/backs-83bn-funds-china-death-toll-tops-3000-live-updates-200305000715579.html,,2020-03-05,,2020-03-05,9261
27462,OxCGRT5424,OxCGRT,OXCGRT018605,AFRO,South Africa,ZAF,710,national,,,,H1 - public information campaign -2,8.4.1,Other measures,Communications and engagement,General public awareness campaigns,1,,,"5 March 2020 - South Africa's President Cyril Ramaphosa has warned that the coronavirus will turn into a ""national crisis"" and its impact will be ""huge"".  His warning came after the first case of the coronavirus was detected in South Africa.     https://www.bbc.co.uk/news/world-africa-51752974     https://www.gov.za/Coronavirus",,,,,,,2020-03-05,,,9261
16513,GPHIN04131,GPHIN,4131,AFRO,South Africa,ZAF,710,national,,,,OTHER,9,Coding required,Coding required,Coding required,,,,"People across South Africa are bracing for a 21-day lockdown after the government announced sweeping new measures to tackle the spread of the new coronavirus.    All shops and businesses are to close, with the exemption of pharmacies, laboratories, banks, the Johannesburg Stock Exchange, supermarkets, petrol stations and healthcare providers.
Health workers, emergency personnel and security services will be allowed to work, while soldiers will be deployed to patrol the streets in support of the police.",,,,Media,https://www.aljazeera.com/news/2020/03/south-africans-brace-21-day-lockdown-virus-cases-rise-200324073801136.html,,2020-03-24,,2020-03-24,9261
27467,OxCGRT5429,OxCGRT,OXCGRT018615,AFRO,South Africa,ZAF,710,national,,,,C7 - restrictions on internal movement - 1,4.5.1,Social and physical distancing measures,Domestic travel,Suspending or restricting movement,1,,,"President Cyril Ramaphosa in address to nation on March 15th: ""We further discourage all non-essential domestic travel, particularly by air, rail, taxis and bus.""; https://web.archive.org/web/20200404222323/http://www.thepresidency.gov.za/press-statements/statement-president-cyril-ramaphosa-measures-combat-covid-19-epidemic. (Link not archivable); https://web.archive.org/web/20200404222340/https://mg.co.za/article/2020-03-15-read-in-full-ramaphosas-statement-on-combating-covid-19/  /web/20200430103419/https://www.gov.za/speeches/statement-president-cyril-ramaphosa-measures-combat-covid-19-epidemic-15-mar-2020-0000",Recommended,,,,,,2020-03-15,,,9261
19571,GPHIN05881,GPHIN,5881,AFRO,South Africa,ZAF,710,national,,,,CLOSING PUBLIC PLACES,4.2.2,Social and physical distancing measures,"Offices, businesses, institutions and operations",Closing,,,,"On 9 April, the President announced that a nationwide lockdown set to expire on 17 April has been extended by two weeks to 30 April. The lockdown prohibits people from leaving their homes unless they are buying food, seeking medical help, or collecting social grants. All non-essential businesses are closed. Nearly 20,000 police and soldiers have been deployed to maintain order and ensure that people are respecting lockdown measures.",,,,Media,https://www.garda.com/crisis24/news-alerts/331056/south-africa-authorities-extend-nationwide-lockdown-to-april-30-due-to-covid-19-update-8,,2020-04-14,,2020-04-14,9261
7577,ACAPS_7577,ACAPS,7278,AFRO,South Africa,ZAF,710,national,,Public health measures,,General recommendations,8.4,Other measures,Communications and engagement,,No,,,All South Africans are informed to wear a face mask whenever you leave home once lockdown restrictions are eased.,Not available,Introduction / extension of measures,Government of South Africa,Government,https://www.gov.za/speeches/president-cyril-ramaphosa-south-africas-response-coronavirus-covid-19-pandemic-23-apr-2020,,2020-05-01,,2020-04-24,9261
16792,GPHIN04384,GPHIN,4384,AFRO,South Africa,ZAF,710,national,,,,OTHER,9,Coding required,Coding required,Coding required,,,,"Since its inception, Cape Town based crowdsolving startup Zindi has been building a database of data scientists across Africa.
It now has 12,000 registered on its its platform that uses AI and machine learning to tackle complex problems and will offer them cash-prizes to find solutions to curb COVID-19.
Zindi has an open challenge focused on stemming the spread and havoc of coronavirus and will introduce a hackathon in April. The current competition, sponsored by AI4D, tasks scientists to create models that can use data to predict the global spread of COVID-19 over the next three months.
The challenge is open until April 19, solutions will be evaluated against future numbers and the winner will receive $5000.
The competition fits with Zindi’s business model of building a platform that can aggregate pressing private or public-sector challenges and match the solution seekers to problem solvers.",,,,Media,,,2020-03-26,,2020-03-26,9261
15553,GPHIN03418,GPHIN,3418,AFRO,South Africa,ZAF,710,national,,,,QUARANTINE / MONITORING,3.2.2,Surveillance and response measures,Tracing and quarantining contacts,Quarantine,,,,A completed health questionnaire must be presented to Port Health upon arrival.,,,,Media,https://www.iatatravelcentre.com/international-travel-document-news/1580226297.htm,,2020-03-11,,2020-03-11,9261
7578,ACAPS_7578,ACAPS,7279,AFRO,South Africa,ZAF,710,national,,Lockdown,,Full lockdown,4.5.2,Social and physical distancing measures,Domestic travel,Stay-at-home order,No,,,"The full lockdown will be gradually eased from May 1st. From then on the country will begin a gradual and phased recovery of economic activity. SA will implement a risk adjusted strategy through which we take a deliberate and cautious approach to the easing of current lockdown restrictions. There are 5 levels in this process, level 5 is the current full lockdown, from May 1st a transition to level 4 will occur (level 1 is essentially normal functioning of the country).",Not applicable,Phase-out measure,Government of South Africa,Government,https://www.gov.za/speeches/president-cyril-ramaphosa-south-africas-response-coronavirus-covid-19-pandemic-23-apr-2020,,2020-05-01,,2020-04-24,9261
17725,GPHIN05015,GPHIN,5015,AFRO,South Africa,ZAF,710,national,,,,QUARANTINE / MONITORING,3.2.2,Surveillance and response measures,Tracing and quarantining contacts,Quarantine,,,,"On 31 March, security forces used rubber bullets to disperse a hospital-worker demonstration in Welkom (Free State province), wounding two nurses; the health care workers organized the protest to denounce the cost of transportation. Nearly 20,000 police and soldiers have been deployed to maintain order and ensure people are respecting the lockdown measures in place for at least 21 days from 26 March.",,,,Media,https://www.garda.com/crisis24/news-alerts/328381/south-africa-security-forces-forcibly-disperse-crowds-in-cape-town-and-johannesburg-april-1-amid-covid-19-lockdown-update-5,,2020-04-02,,2020-04-02,9261
21730,IHR_555,IHR,349,AFRO,South Africa,ZAF,710,national,,International Travel,,self_isolation,5.5,International travel measures,,Entry screening and isolation or quarantine,,,,,,,,,,,2020-03-18,,,9261
10647,CDC_ITF_1562,CDC_ITF,CDC-ITF-ZA-00003,AFRO,South Africa,ZAF,710,national,,,Academic closures,,4.1.2,Social and physical distancing measures,School measures,Closing,,,,NA,,Impose,,,UNESCO ed excel,,2020-03-18,,2020-03-20,9261
10652,CDC_ITF_1567,CDC_ITF,CDC-ITF-ZA-00009,AFRO,South Africa,ZAF,710,national,,,Office/business closures,,4.2.2,Social and physical distancing measures,"Offices, businesses, institutions and operations",Closing,,,,NA,,,,,,,,,2020-03-20,9261
14660,GPHIN02704,GPHIN,2704,AFRO,South Africa,ZAF,710,national,,,,QUARANTINE / MONITORING,3.2.2,Surveillance and response measures,Tracing and quarantining contacts,Quarantine,,,,South African Health Minister has said citizens currently quarantined in China will be returning home in the next few days.,,,,Media,https://www.aljazeera.com/news/2020/03/backs-83bn-funds-china-death-toll-tops-3000-live-updates-200305000715579.html,,2020-03-05,,2020-03-05,9261
17727,GPHIN05015,GPHIN,5015,AFRO,South Africa,ZAF,710,national,,,,MASS GATHERING CANCELLATION,4.3.4,Social and physical distancing measures,"Gatherings, businesses and services","Cancelling, restricting or adapting mass gatherings",,,,"On 31 March, security forces used rubber bullets to disperse a hospital-worker demonstration in Welkom (Free State province), wounding two nurses; the health care workers organized the protest to denounce the cost of transportation. Nearly 20,000 police and soldiers have been deployed to maintain order and ensure people are respecting the lockdown measures in place for at least 21 days from 26 March.",,,,Media,https://www.garda.com/crisis24/news-alerts/328381/south-africa-security-forces-forcibly-disperse-crowds-in-cape-town-and-johannesburg-april-1-amid-covid-19-lockdown-update-5,,2020-04-02,,2020-04-02,9261
27461,OxCGRT5423,OxCGRT,OXCGRT018563,AFRO,South Africa,ZAF,710,national,,,,C8 - restrictions on international travel - 1,5.5,International travel measures,,Entry screening and isolation or quarantine,,,,"Travellers screened at major airports, especially those travelling from destinations in Asia. https://web.archive.org/web/20200406133352/https://www.dailymaverick.co.za/article/2020-01-28-coronavirus-travellers-screened-at-sa-airports/",,,,,,,2020-01-23,,,9261
19570,GPHIN05881,GPHIN,5881,AFRO,South Africa,ZAF,710,national,,,,RESTRICTING OR LIMITING GATHERINGS,4.3.3,Social and physical distancing measures,"Gatherings, businesses and services","Cancelling, closing, restricting or adapting public gatherings outside the home",,,,"On 9 April, the President announced that a nationwide lockdown set to expire on 17 April has been extended by two weeks to 30 April. The lockdown prohibits people from leaving their homes unless they are buying food, seeking medical help, or collecting social grants. All non-essential businesses are closed. Nearly 20,000 police and soldiers have been deployed to maintain order and ensure that people are respecting lockdown measures.",,,,Media,https://www.garda.com/crisis24/news-alerts/331056/south-africa-authorities-extend-nationwide-lockdown-to-april-30-due-to-covid-19-update-8,,2020-04-14,,2020-04-14,9261
27477,OxCGRT5439,OxCGRT,OXCGRT018626,AFRO,South Africa,ZAF,710,national,,,,C4 - restrictions on gathering size - 3,4.3.3,Social and physical distancing measures,"Gatherings, businesses and services","Cancelling, closing, restricting or adapting public gatherings outside the home",10,,,"Lockdown announced. ""From midnight on Thursday, March 26 until midnight on Thursday, April 16, all South Africans will have to stay at home"". A wedding of 50 guests was stopped by police due to violating lockdown rules. Yes, funerals will be allowed to take place with the number of mourners restricted to 50. However, night vigils will be prohibited.  https://web.archive.org/web/20200430110613/https://www.newsweek.com/bride-groom-pastor-all-50-wedding-guests-arrested-violating-coronavirus-lockdown-1496399  https://web.archive.org/web/20200427205507/https://www.aljazeera.com/news/2020/03/south-africans-brace-21-day-lockdown-virus-cases-rise-200324073801136.html  https://web.archive.org/web/20200430112246/https://www.gov.za/coronavirus/faq",,,,,,,2020-03-26,,,9261
12979,GPHIN01484,GPHIN,1484,AFRO,South Africa,ZAF,710,national,,,,AIRPORT SCREENING: ENTRY,5.5,International travel measures,,Entry screening and isolation or quarantine,,,,"South Africa's National Health Laboratory Service (NHLS), through its internal division the National Institute for Communicable Diseases, is tasked with conducting surveillance for COVID-19 as well as managing potential cases. It has a call centre to help identify any suspected cases. 
Suspected cases and samples of nasal and throat swabs are handled according to a national protocol. Those who are confirmed as infected would be transitioned into isolation units which already exist for diseases. Family, work and social contacts of confirmed cases would be screened and/or self-quarantined until they are shown to be negative. 
Travellers with high fever are being screening at all ports of entry. 
The government has a formal, inter-sectoral plan on how it responds appropriately to COVID-19.",,,,Media,https://www.dailymaverick.co.za/article/2020-02-21-coronavirus-dont-panic-but-south-africa-needs-to-be-prepared/,,2020-02-21,,2020-02-21,9261
7546,ACAPS_7546,ACAPS,577,AFRO,South Africa,ZAF,710,national,,Public health measures,,Health screenings in airports and border crossings,5.5,International travel measures,,Entry screening and isolation or quarantine,No,,,Infrafed thermometers and health personnel at all ports of entry.,Not applicable,Introduction / extension of measures,UK Government Travel Advice,Government,https://www.gov.uk/foreign-travel-advice/south-africa/health#coronavirus,,,,2020-03-16,9261
7582,ACAPS_7582,ACAPS,7288,AFRO,South Africa,ZAF,710,national,,Public health measures,,Isolation and quarantine policies,3.1.3,Surveillance and response measures,Detecting and isolating cases,Isolation,Yes,,,"Those who are elderly, and those with underlying conditions, must remain at home and take additional precautions to isolate themselves.",Not applicable,Introduction / extension of measures,Government of South Africa,Government,https://www.gov.za/speeches/president-cyril-ramaphosa-south-africas-response-coronavirus-covid-19-pandemic-23-apr-2020,,2020-05-01,,2020-04-24,9261
14659,GPHIN02703,GPHIN,2703,AFRO,South Africa,ZAF,710,national,,,,QUARANTINE / MONITORING,3.2.2,Surveillance and response measures,Tracing and quarantining contacts,Quarantine,,,,"On 5 March, South Africa announced its first COVID-19 case in a man who travelled to Italy, becoming the third sub-Saharan country to report the infection after Senegal and Nigeria. The Emergency Operating Centre (EOC) has identified the contacts by interviewing the patient and doctor. The tracer team has been deployed to KwaZulu-Natal province with epidemiologists and clinicians from NICD. The doctor has been self-isolated as well.",,,,Media,,,2020-03-05,,2020-03-05,9261
18593,GPHIN05409,GPHIN,5409,AFRO,South Africa,ZAF,710,national,,,,QUARANTINE / MONITORING,3.2.2,Surveillance and response measures,Tracing and quarantining contacts,Quarantine,,,,"Some 66 people have tested positive for COVID-19 in a single hospital in the coastal South African city of Durban, 48 of whom are staff at St. Augustine's Hospital. Authorities were looking into closing parts of the facility.",,,,Media,https://www.dw.com/en/coronavirus-latest-lufthansa-shutters-germanwings-subsidiary/a-53043555,,2020-04-07,,2020-04-07,9261
10650,CDC_ITF_1565,CDC_ITF,CDC-ITF-ZA-00006,AFRO,South Africa,ZAF,710,national,,,Mass gathering restrictions,>100,4.3.4,Social and physical distancing measures,"Gatherings, businesses and services","Cancelling, restricting or adapting mass gatherings",,,,NA,,Impose,,,,,2020-03-15,,2020-03-20,9261
16549,GPHIN04164,GPHIN,4164,AFRO,South Africa,ZAF,710,national,,,,OTHER,9,Coding required,Coding required,Coding required,,,,"In response to an official media enquiry, public relations manager for MSC Cruises South Afric, Lebo Mavuso said: ""MSC Cruises has not been notified by any former passenger, port health authority or the government that a former passenger onboard one of our cruises in South Africa may have tested positive for Covid-19.
""If we received notification, then, naturally, we would act appropriately and follow the requirements stipulated by the national government and the Ministry of Health. MSC Cruises has complied with all applicable legislation and directives from the ports we serve in South Africa,"" added Mavuso.
Spokesperson for the National Institute for Communicable Diseases (NICD) Sinenhlanhla Jimoh said the relevant authorities would get in touch with MSC with the necessary steps to be taken once the positive result was verified by the NICD.",,,,Media,,,2020-03-24,,2020-03-24,9261
20687,GPHIN06576,GPHIN,6576,AFRO,South Africa,ZAF,710,national,,,,OTHER,9,Coding required,Coding required,Coding required,,,,"South Africa's President Cyril Ramaphosa announced a $26bn relief package to shore up the economy and support people in need during the coronavirus pandemic.  One tenth of the package will go towards the most vulnerable people over the next six months, in a country described by the World Bank as the world's most unequal.",,,,Media,https://www.aljazeera.com/news/2020/04/coronavirus-dead-world-exceeds-170000-live-updates-200421005048334.html,,2020-04-21,,2020-04-21,9261
7568,ACAPS_7568,ACAPS,4650,AFRO,South Africa,ZAF,710,national,,Social distancing,,Limit public gatherings,4.3,Social and physical distancing measures,"Gatherings, businesses and services",,No,,,"Uganda has banned the movement of all motorcycle taxis, called boda bodas",Not available,Introduction / extension of measures,BBC,Media,https://www.bbc.com/news/world/africa/live,,2020-04-08,,2020-04-10,9261
17116,GPHIN04656,GPHIN,4656,AFRO,South Africa,ZAF,710,national,,,,LAND SCREENING,5.5,International travel measures,,Entry screening and isolation or quarantine,,,,"South Africa’s President has launched a mass screening programme for coronavirus. On 30 March, 10,000 field workers would be visiting homes to screen people. those with symptoms would be quarantined either in their homes or in hospitals.
South Africa is Africa’s most impacted country with over 30,000 tests and 1,280 cases as at 30 March.",,,,Media,https://www.africanews.com/2020/03/31/coronavirus-hub-impact-of-outbreak-across-africa/,,2020-03-31,,2020-03-31,9261
7549,ACAPS_7549,ACAPS,597,AFRO,South Africa,ZAF,710,national,,Social distancing,,Schools closure,4.1.2,Social and physical distancing measures,School measures,Closing,No,,,All public schools closed as of 18 March until 13 April,Not applicable,Introduction / extension of measures,SA Government,Government,https://www.gov.za/Coronavirus,,2020-03-18,,2020-03-16,9261
27465,OxCGRT5427,OxCGRT,OXCGRT018610,AFRO,South Africa,ZAF,710,national,,,,H3 - contact tracing - 2,3.2.1,Surveillance and response measures,Tracing and quarantining contacts,Contact tracing,Traditional,,,10th March- All contacts of cases have been traced and are being tested. All contacts are currently under home based quarantine. These quarantine procedures are benchmarked against world standards for home based quarantine and are being strictly monitored by the contact tracing team. Going forward government led contact tracing aims to be comprehensive (Unsure whether this is successful in reality)    https://web.archive.org/web/20200406164558/https://sacoronavirus.co.za/2020/03/10/media-statement-10th-march-2020/,,,,,,,2020-03-10,,,9261
7554,ACAPS_7554,ACAPS,1844,AFRO,South Africa,ZAF,710,national,,Lockdown,,Full lockdown,4.5.2,Social and physical distancing measures,Domestic travel,Stay-at-home order,No,,,All of South Africa will go into total lockdown from the midight 26th March until 16th of April . This means individuals will not be allowed to leave their homes except for strict reasons (aside from essential workers in the response). Detention and/or fine will be punishment for breaking the rules.,Arrest/Detention,Introduction / extension of measures,President press conference,Government,https://www.youtube.com/watch?v=H94eg5gEDeE,https://twitter.com/GovernmentZA?ref_src=twsrc%5Egoogle%7Ctwcamp%5Eserp%7Ctwgr%5Eauthor,2020-03-27,,2020-03-23,9261
19572,GPHIN05881,GPHIN,5881,AFRO,South Africa,ZAF,710,national,,,,LOCKDOWN OR CURFEW,4.5.2,Social and physical distancing measures,Domestic travel,Stay-at-home order,,,,"On 9 April, the President announced that a nationwide lockdown set to expire on 17 April has been extended by two weeks to 30 April. The lockdown prohibits people from leaving their homes unless they are buying food, seeking medical help, or collecting social grants. All non-essential businesses are closed. Nearly 20,000 police and soldiers have been deployed to maintain order and ensure that people are respecting lockdown measures.",,,,Media,https://www.garda.com/crisis24/news-alerts/331056/south-africa-authorities-extend-nationwide-lockdown-to-april-30-due-to-covid-19-update-8,,2020-04-14,,2020-04-14,9261
7583,ACAPS_7583,ACAPS,7289,AFRO,South Africa,ZAF,710,national,,Public health measures,,Strengthening the public health system,8.2,Other measures,,Scaling up,Yes,,,Government offers funding for companies who produce essential goods or provide essential services to scale up their operations.,Not applicable,Introduction / extension of measures,Government of South Africa,Social media,https://twitter.com/GovernmentZA/status/1253254788348735488,,2020-04-23,,2020-04-24,9261
7555,ACAPS_7555,ACAPS,1845,AFRO,South Africa,ZAF,710,national,,Social distancing,,Public services closure,4,Social and physical distancing measures,,,No,,,All non-essential businesses will be closed.,Up to detention,Introduction / extension of measures,President press conference,Government,https://www.youtube.com/watch?v=H94eg5gEDeE,https://twitter.com/GovernmentZA?ref_src=twsrc%5Egoogle%7Ctwcamp%5Eserp%7Ctwgr%5Eauthor,2020-03-27,,2020-03-23,9261
21731,IHR_556,IHR,349,AFRO,South Africa,ZAF,710,national,,International Travel,,quarantine_nationals,5.5,International travel measures,,Entry screening and isolation or quarantine,,,,,,,,,,,2020-03-18,,,9261
10645,CDC_ITF_1560,CDC_ITF,CDC-ITF-ZA-00001,AFRO,South Africa,ZAF,710,national,,,Travel restrictions,Visa restrictions,5.2,International travel measures,,Restricting visas,,,,"From 15 March visas will not be issued for nationals from China Germany Iran Italy South Korea Spain the UK and the US. Visas already obtained before the announcement of the state of emergency will also be revoked.
All foreign nationals who have been to China Germany Iran Italy South Korea Spain the UK and the US in the past 20 days will be denied visas. Visas already issued to travellers from these countries will be revoked.",,Impose,,,https://pandemic.internationalsos.com/2019-ncov/ncov-travel-restrictions-flight-operations-and-screening,,2020-03-15,,2020-03-20,9261
15625,GPHIN03479,GPHIN,3479,AFRO,South Africa,ZAF,710,national,,,,QUARANTINE / MONITORING,3.2.2,Surveillance and response measures,Tracing and quarantining contacts,Quarantine,,,,"In South Africa, WHO is working closely with local authoritiesto ensure treatment protocols and guidelines are in place. Eleven healthcare facilities, all with intensive care unit (ICU) capacity, have been designated for the treatment of COVID-19.",,,,Official,https://apps.who.int/iris/bitstream/handle/10665/331425/SITREP_COVID-19_WHOAFRO_20200311-eng.pdf,,2020-03-12,,2020-03-12,9261
27485,OxCGRT5447,OxCGRT,OXCGRT018652,AFRO,South Africa,ZAF,710,national,,,,E1 - income support,8.3,Other measures,,Financial packages,1,,,"President Cyril Ramaphosa has announced that government will direct R50 billion towards grants, in which child grant recipients will receive R300 in May and R500 in June. https://web.archive.org/save/https://ewn.co.za/2020/04/21/watch-live-ramaphosa-says-r50bn-allocated-towards-grant-recepeints  South African President Cyril Ramaphosa announced a 500 billion rand ($26.3 billion USD) rescue package, equivalent to 10% of the GDP of Africa’s most industrialised nation, to try to cushion the economic blow of the coronavirus pandemic.  The package will target large increases in existing welfare grants, funds for protecting jobs.   Additionally, 200 billion rand ($10 billion USD) in loan guarantees in partnership with the central bank of South Africa, finance ministry and commercial banks, and tax deferral for firms with more than 100 million rand turnover.    https://web.archive.org/web/20200501072953/https://www.ft.com/content/e07b70bd-71ae-4b8a-9855-09665330fed9     He is addressing the nation on Tuesday night on additional economic and social relief measures that form part of the national response to the coronavirus (COVID-19) pandemic.    All the other recipients will receive R260 extra for the next six months    The unemployed, with no source of income, will receive a monthly stipend of R350 for the next six months.    Ramaphosa said Sassa will be distributing food through the provision of vouchers for the vulnerable for the poor.",,,,,,,2020-04-21,,,9261
7571,ACAPS_7571,ACAPS,6615,AFRO,South Africa,ZAF,710,national,,Public health measures,,General recommendations,8.4,Other measures,Communications and engagement,,No,,,It is recommended that people use a cloth mask when going out in public.,Not applicable,Introduction / extension of measures,Government of SA,Social media,https://twitter.com/GovernmentZA/status/1250758968626069504,,2020-04-16,,2020-04-21,9261
15768,GPHIN03592,GPHIN,3592,AFRO,South Africa,ZAF,710,national,,,,REPATRIATION,10,Not of interest,Not of interest,Not of interest,,,,"South Africa has so far conducted nearly 900 tests, according to a statement by the government-run National Institute for Communicable Diseases. The South African government is expected to repatriate this week over 100 citizens who have been living in China. They will be in quarantine at a facility in the Northern Province of Limpopo upon arrival on the weekend.",,,,Media,,,2020-03-13,,2020-03-13,9261
7559,ACAPS_7559,ACAPS,1849,AFRO,South Africa,ZAF,710,national,,Governance and socio-economic measures,,Economic measures,8.3,Other measures,,Financial packages,No,,,Regulations put in place to prohibit unjust price rises.,Not available,Introduction / extension of measures,President press conference,Government,https://www.youtube.com/watch?v=H94eg5gEDeE,https://www.cnbcafrica.com/news/2020/03/23/breaking-nationwide-lockdown-announced-in-south-africa/,2020-03-27,,2020-03-23,9261
7573,ACAPS_7573,ACAPS,6617,AFRO,South Africa,ZAF,710,national,,Social distancing,,Limit public gatherings,4.3,Social and physical distancing measures,"Gatherings, businesses and services",,Yes,,,The Department of Basic Eductaion pospones May/June state exams until november,Not applicable,Introduction / extension of measures,Government of SA,Social media,https://twitter.com/GovernmentZA/status/1251524937694797827,,2020-04-18,,2020-04-21,9261
20789,GPHIN06654,GPHIN,6654,AFRO,South Africa,ZAF,710,national,,,,LOCKDOWN OR CURFEW,4.5.2,Social and physical distancing measures,Domestic travel,Stay-at-home order,,,,South Africa has extended a complete lockdown until the end of April and said key sectors could be reopened gradually under “strictly controlled conditions”.,,,,Media,https://cyprus-mail.com/2020/04/21/countries-pondering-an-easing-of-coronavirus-curbs/,,2020-04-22,,2020-04-22,9261
7545,ACAPS_7545,ACAPS,576,AFRO,South Africa,ZAF,710,national,,Public health measures,,Isolation and quarantine policies,3.1.3,Surveillance and response measures,Detecting and isolating cases,Isolation,Yes,,,Quarantine for those who test positive,Not applicable,Introduction / extension of measures,UK Government Travel Advice,Government,https://www.gov.uk/foreign-travel-advice/south-africa/health#coronavirus,,,,2020-03-16,9261
7552,ACAPS_7552,ACAPS,928,AFRO,South Africa,ZAF,710,national,,Social distancing,,Public services closure,4,Social and physical distancing measures,,,No,,,All on- and off-consumption premises selling liquor must be closed between 6pm and 9am the next morning on weekdays and Saturdays; and from 1pm on Sundays and public holidays. They must also abide by 50 person gathering maximum rules.,Up to detention,Introduction / extension of measures,SA Government,Government,https://www.sanews.gov.za/south-africa/covid-19-regulations-limit-alcohol-sale-hours,https://www.youtube.com/watch?v=4ZMnf98uIj4&feature=emb_rel_end,2020-03-20,,2020-03-20,9261
7561,ACAPS_7561,ACAPS,1851,AFRO,South Africa,ZAF,710,national,,Movement restrictions,,International flights suspension,5.7,International travel measures,,Suspending or restricting international flights,No,,,International flights to Lanseria Airport will be temporarily suspended.,Not applicable,Introduction / extension of measures,CBNC Africa,Media,https://www.cnbcafrica.com/news/2020/03/23/breaking-nationwide-lockdown-announced-in-south-africa/,,2020-03-27,,2020-03-23,9261
10651,CDC_ITF_1566,CDC_ITF,CDC-ITF-ZA-00008,AFRO,South Africa,ZAF,710,national,,,Traveler isolation/quarantine,,5.5,International travel measures,,Entry screening and isolation or quarantine,,,,"All South Africans who return to the country will have to go through tests and self-isolate or quarantine upon returning.
. NA",,Impose,,,,,,,2020-03-20,9261
10649,CDC_ITF_1564,CDC_ITF,CDC-ITF-ZA-00005,AFRO,South Africa,ZAF,710,national,,,Movement restrictions,Mandatory lockdown,4.5.2,Social and physical distancing measures,Domestic travel,Stay-at-home order,,,,Until April 26. Citizens and residents have been instructed to remain indoors during this time though some exceptions will be made for emergencies and certain professions. 26 March until at least 16 April,,Impose,,,https://pandemic.internationalsos.com/2019-ncov/ncov-travel-restrictions-flight-operations-and-screening,,2020-03-26,,2020-03-20,9261
16436,GPHIN04085,GPHIN,4085,AFRO,South Africa,ZAF,710,national,,,,MASS GATHERING CANCELLATION,4.3.4,Social and physical distancing measures,"Gatherings, businesses and services","Cancelling, restricting or adapting mass gatherings",,,,"South Africa will impose a nationwide lockdown for 21 days from midnight on Thursday 26 March to try to contain the coronavirus outbreak, President Cyril Ramaphosa said on Monday, as the number of confirmed cases jumped by 128 to 402.",,,,Media,https://nationalpost.com/pmn/health-pmn/south-africa-to-impose-21-day-lockdown-as-coronavirus-cases-jump-2,,2020-03-23,,2020-03-23,9261
7553,ACAPS_7553,ACAPS,929,AFRO,South Africa,ZAF,710,national,,Social distancing,,Limit public gatherings,4.3,Social and physical distancing measures,"Gatherings, businesses and services",,No,,,"Gatherings of more than 100 people prohibited & mass celebrations of upcoming national days, such as human rights day, will be cancelled. Where small gatherings are unaviodable organisers will need to put in place stringent measures of prevention and control.",Up to detention,Introduction / extension of measures,Newzroom Afrika: press conference,Media,https://www.youtube.com/watch?v=BGu27vsAYWA,https://www.aljazeera.com/news/2020/03/tension-fear-south-africa-steps-coronavirus-fight-200318043032147.html,2020-03-15,,2020-03-20,9261
13972,GPHIN02138,GPHIN,2138,AFRO,South Africa,ZAF,710,national,,,,REPATRIATION,10,Not of interest,Not of interest,Not of interest,,,,"South Africa will evacuate 132 nationals from the Chinese city of Wuhan, the epicenter of the coronavirus outbreak, according to a government statement. There are an estimated 199 South African citizens in Wuhan, and 132 of them have so far expressed desire to be repatriated. Upon arrival in South Africa, the evacuees will be placed in quarantine for 21 days as an additional precautionary measure.",,,,Media,https://edition.cnn.com/asia/live-news/coronavirus-outbreak-02-28-20-intl-hnk/index.html,,2020-02-28,,2020-02-28,9261
19637,GPHIN05920,GPHIN,5920,AFRO,South Africa,ZAF,710,national,,,,REPATRIATION,10,Not of interest,Not of interest,Not of interest,,,,"South Africa airlifted some 136 of its nationals in the Nigerian capital, Lagos, to become the ninth country to do so from the West African country over the novel coronavirus outbreak.",,,,Media,https://www.aljazeera.com/news/2020/04/coronavirus-deaths-slow-italy-france-live-updates-200413000419105.html,,2020-04-14,,2020-04-14,9261
7567,ACAPS_7567,ACAPS,4647,AFRO,South Africa,ZAF,710,national,,Governance and socio-economic measures,,State of emergency declared,8.3,Other measures,,Financial packages,No,,,"Declaration of State of National Disaster, 15 March",Not applicable,Introduction / extension of measures,ONHCR Document,UN,See ACAPS folder,,2020-03-15,,2020-04-10,9261
10648,CDC_ITF_1563,CDC_ITF,CDC-ITF-ZA-00004,AFRO,South Africa,ZAF,710,national,,,Travel restrictions,Travel bans/border closures,5.9,International travel measures,,Closing international land borders,,,,ban on entry of foreigners from high risk countries. China Germany Iran Italy South Korea Spain the UK and the US. All foreign travellers who entered South Africa from these high-risk countries since mid-February will be required to be tested for COVID-19.,,Impose,,,https://pandemic.internationalsos.com/2019-ncov/ncov-travel-restrictions-flight-operations-and-screening,,2020-03-26,,2020-03-20,9261
27479,OxCGRT5441,OxCGRT,OXCGRT018626,AFRO,South Africa,ZAF,710,national,,,,C6 - shelter-in-place and home confinement orders - 2,4.5.2,Social and physical distancing measures,Domestic travel,Stay-at-home order,1,,,"""From midnight on Thursday, March 26 until midnight on Thursday, April 16, all South Africans will have to stay at home""  https://web.archive.org/web/20200427205507/https://www.aljazeera.com/news/2020/03/south-africans-brace-21-day-lockdown-virus-cases-rise-200324073801136.html",Required,,,,,,2020-03-26,,,9261
27473,OxCGRT5435,OxCGRT,OXCGRT018624,AFRO,South Africa,ZAF,710,national,,,,E3 - fiscal measures,8.3,Other measures,,Financial packages,,147094577,,"Many individual measures announced 24th March including R500 million small business, R200 million Hospitality, R3 billion Trade and Industry, R1.2 billion Agriculture and Food, R200 million Black Entrepreneurs, R150 million Solidarity Fund Table of measures here. The government estimates that measures will cost around 12B ZAR, according to information from IMF. https://web.archive.org/web/20200406111033/https://www.whitecase.com/publications/alert/relief-packages-and-support-south-africans-amid-covid-19-pandemic Government report for the day https://www.gov.za/speeches/minister-ebrahim-patel-government%E2%80%99s-intervention-measures-coronavirus-24-mar-2020-0000 https://www.imf.org/en/Topics/imf-and-covid19/Policy-Responses-to-COVID-19#S. http://www.thepresidency.gov.za/speeches/statement-president-cyril-ramaphosa-escalation-measures-combat-covid-19-epidemic%2C-union",,,,,,,2020-03-24,,,9261
15875,GPHIN03685,GPHIN,3685,AFRO,South Africa,ZAF,710,national,,,,OTHER,9,Coding required,Coding required,Coding required,,,,"South Africa’s confirmed case toll hits 61 leading to a raft of stringent measures imposed by government. South Africa, Kenya, Rwanda, Senegal have all banned public gatherings in order to curb the outbreak.",,,,Media,,,2020-03-16,,2020-03-16,9261
20610,GPHIN06527,GPHIN,6527,AFRO,South Africa,ZAF,710,national,,,,TESTING & CASE DETECTION,3.1,Surveillance and response measures,Detecting and isolating cases,,,,,"KwaZulu-Natal authorities announced additional lockdown measures as of 20 April. As such, screening, testing, as well as stricter law enforcement operations will increase in the province.
A previously imposed nationwide lockdown remains in effect until  30 April. The lockdown, prohibits people from leaving their homes unless they are buying food, seeking medical help, or collecting social grants. Emergency responders, health workers, and security services staff are exempted from the measures. All businesses have been ordered to close except for supermarkets, pharmacies, laboratories, banks, petrol stations, health-care providers, and the Johannesburg Stock Exchange. In addition, nearly 20,000 police and soldiers have been deployed to maintain order and ensure that people are respecting lockdown measures.",,,,Media,https://www.garda.com/crisis24/news-alerts/334696/south-africa-authorities-announce-additional-lockdown-measures-in-kwazulu-natal-from-april-20-update-9,,2020-04-21,,2020-04-21,9261
17726,GPHIN05015,GPHIN,5015,AFRO,South Africa,ZAF,710,national,,,,TRAVEL BAN,5.7,International travel measures,,Suspending or restricting international flights,,,,"On 31 March, security forces used rubber bullets to disperse a hospital-worker demonstration in Welkom (Free State province), wounding two nurses; the health care workers organized the protest to denounce the cost of transportation. Nearly 20,000 police and soldiers have been deployed to maintain order and ensure people are respecting the lockdown measures in place for at least 21 days from 26 March.",,,,Media,https://www.garda.com/crisis24/news-alerts/328381/south-africa-security-forces-forcibly-disperse-crowds-in-cape-town-and-johannesburg-april-1-amid-covid-19-lockdown-update-5,,2020-04-02,,2020-04-02,9261
27470,OxCGRT5432,OxCGRT,OXCGRT018618,AFRO,South Africa,ZAF,710,national,,,,C1 - school closing - 3,4.1.2,Social and physical distancing measures,School measures,Closing,General,,,"15 March 2020 - President Cyril Ramaphosa announced schools will be closed from Wednesday, 18 March.   /web/20200430103419/https://www.gov.za/speeches/statement-president-cyril-ramaphosa-measures-combat-covid-19-epidemic-15-mar-2020-0000",Required,,,,,,2020-03-18,,,9261
7570,ACAPS_7570,ACAPS,5425,AFRO,South Africa,ZAF,710,national,,Public health measures,,General recommendations,8.4,Other measures,Communications and engagement,,No,,,Zambians encouraged to wear a mask when in public.,Not applicable,Introduction / extension of measures,Ministry of Health,Social media,https://www.facebook.com/mohzambia/,,2020-04-08,,2020-04-15,9261
27483,OxCGRT5445,OxCGRT,OXCGRT018628,AFRO,South Africa,ZAF,710,national,,,,H2 - testing policy -2,3.1.1,Surveillance and response measures,Detecting and isolating cases,Passive case detection,Any symptoms,,,"South Africa is in the throes of a mass testing campaign, with plans to increase its surveillance. Its large health research and disease-tracing machinery, honed by years of coping with its HIV epidemic, has swung into action, driving testing and surveillance.     In the face of increasing local transmission—and the threat of Covid-19 spreading to the majority of the country, who are not able to afford private healthcare or testing—the National Health Laboratory Service has said that by the end of April, it will be able to process approximately 36,000 tests in 24 hours.   https://qz.com/africa/1832066/coronavirus-covid-19-testing-in-south-africa-leads-continent/",,,,,,,2020-03-28,,,9261
27464,OxCGRT5426,OxCGRT,OXCGRT018607,AFRO,South Africa,ZAF,710,national,,,,H3 - contact tracing - 2,3.2.1,Surveillance and response measures,Tracing and quarantining contacts,Contact tracing,Traditional,,,"7th March- tracing of all members of a group of 10 from Italy from which one tested positive.  The public must be notified that we have information and know the whereabouts of all the other 10 people who were part of the group that had travelled to Italy. All those who came back to South Africa, are currently being tested. We are now awaiting their test results to come out. Since being traced, they have remained in isolation to avoid any further contact with third parties.  	https://web.archive.org/web/20200406162441/https://sacoronavirus.co.za/2020/03/07/confirmation-of-second-case-of-covid-19-in-south-africa/",,,,,,,2020-03-07,,,9261
21852,IHR_677,IHR,438,AFRO,South Africa,ZAF,710,national,,International Travel,,quarantine_nationals,5.5,International travel measures,,Entry screening and isolation or quarantine,,,,,,,,,,,2020-03-23,,,9261
27469,OxCGRT5431,OxCGRT,OXCGRT018616,AFRO,South Africa,ZAF,710,national,,,,C4 - restrictions on gathering size - 3,4.3.3,Social and physical distancing measures,"Gatherings, businesses and services","Cancelling, closing, restricting or adapting public gatherings outside the home",10,,,"""Gatherings of more than 100 people will be prohibited. Mass celebrations of upcoming national days such as Human Rights Day and other large government events will be cancelled,"" Ramaphosa said in a statement. Guidelines prohibiting public gatherings of more than 100 people were put into place in response to the rapidly spreading coronavirus COVID-19.  Gauteng Premier David Makhura has declared that residents of the province are required to inform their local police station before holding any gatherings, including funerals and weddings.      https://web.archive.org/web/20200427205023/https://sacoronavirus.co.za/2020/03/15/statement-by-president-cyril-ramaphosa-on-measures-to-combat-covid-19-epidemic/  https://web.archive.org/web/20200430105718/https://www.aa.com.tr/en/africa/south-africa-orders-schools-closed-as-covid-19-spreads/1767271  https://web.archive.org/web/20200430110301/https://www.thesouthafrican.com/lifestyle/weekend-funerals-weddings-test-mass-gathering-ban/",,,,,,,2020-03-16,,,9261
16547,GPHIN04162,GPHIN,4162,AFRO,South Africa,ZAF,710,national,,,,OTHER,9,Coding required,Coding required,Coding required,,,,Updates from the CDC have released some guidelines: Covid-19: A guide for pregnant and breastfeeding moms,,,,Media,,,2020-03-24,,2020-03-24,9261
27476,OxCGRT5438,OxCGRT,OXCGRT018626,AFRO,South Africa,ZAF,710,national,,,,C3 - cancel public events - 2,4.3.4,Social and physical distancing measures,"Gatherings, businesses and services","Cancelling, restricting or adapting mass gatherings",1,,,"Lockdown announced. ""From midnight on Thursday, March 26 until midnight on Thursday, April 16, all South Africans will have to stay at home""  https://web.archive.org/web/20200427205507/https://www.aljazeera.com/news/2020/03/south-africans-brace-21-day-lockdown-virus-cases-rise-200324073801136.html",Required,,,,,,2020-03-26,,,9261
7585,ACAPS_7585,ACAPS,8385,AFRO,South Africa,ZAF,710,national,,Governance and socio-economic measures,,Economic measures,8.3,Other measures,,Financial packages,No,,,R300 per child will be added to Child Support Grants in May making it R740 per child. From June until Oct 2020 this grant will go back to R440 per child but the caregiver will get an additional R500 regardless of the number of children they receive a grant for.,Not applicable,Introduction / extension of measures,South African Government,Social media,https://twitter.com/GovernmentZA/status/1253964464254332928?s=20,,2020-04-25,,2020-04-30,9261
7569,ACAPS_7569,ACAPS,5422,AFRO,South Africa,ZAF,710,national,,Public health measures,,General recommendations,8.4,Other measures,Communications and engagement,,No,,,Widespread use of masks is recommended. People are recommended to use cloth masks & that medical masks be used by healthcare professionals.,Not applicable,Introduction / extension of measures,Ministry of Health,Social media,https://twitter.com/DrZweliMkhize/status/1248623705162264580,,2020-04-10,,2020-04-15,9261
7564,ACAPS_7564,ACAPS,2179,AFRO,South Africa,ZAF,710,national,,Public health measures,,Testing policy,3.1,Surveillance and response measures,Detecting and isolating cases,,Yes,,,"All travelers who have entered South Africa from high-risk countries (China, France, Germany, Iran Italy, South Korea, Spain, Switzerland, United Kingdom, and United States) since 15 February 2020 will be required to present themselves for testing, while travelers from medium-risk countries as identified by the South African Department of Health will be required to undergo high intensity screening.",Not applicable,Introduction / extension of measures,Dep of Foreign Affairs Philippines,Government,https://dfa.gov.ph/dfa-news/statements-and-advisoriesupdate/26378-public-advisory-on-the-travel-restrictions-to-south-africa,,2020-03-19,,2020-03-25,9261
18389,GPHIN05300,GPHIN,5300,AFRO,South Africa,ZAF,710,national,,,,OTHER,9,Coding required,Coding required,Coding required,,,,South African telecoms regulator ICASA has announced an emergency release of broadband spectrum to meet a spike in internet usage due to the new coronavirus.,,,,Media,https://www.aljazeera.com/news/2020/04/braces-hardest-week-coronavirus-fight-live-updates-200405232545445.html,,2020-04-06,,2020-04-06,9261
10655,CDC_ITF_1570,CDC_ITF,CDC-ITF-ZA-00012,AFRO,South Africa,ZAF,710,national,,,Movement restrictions,Mandatory lockdown,4.5.2,Social and physical distancing measures,Domestic travel,Stay-at-home order,,,,Original nationwide lockdown (started 327) inteded to last 21 days extended for 2 more weeks. NA,,Impose,,,,,2020-03-27,,2020-04-13,9261
20707,GPHIN06592,GPHIN,6592,AFRO,South Africa,ZAF,710,national,,,,OTHER,9,Coding required,Coding required,Coding required,,,,"South Africa’s President Cyril Ramaphosa announced a 500 billion rand ($26.33 billion) rescue package on 21 April, equivalent to 10% of the GDP of Africa’s most industrialized nation, to try to cushion the economic blow of the coronavirus pandemic. South Africa had approached global financial institutions like the World Bank, IMF and the African Development Bank to help fund the package. Among the measures were 200 billion rand in loan guarantees in partnership with the central bank, finance ministry and commercial banks, and tax deferral for firms with more than 100 million rand turnover.",,,,Media,https://nationalpost.com/pmn/health-pmn/s-africas-ramaphosa-pledges-covid-rescue-package-worth-10-of-gdp-2,,2020-04-21,,2020-04-21,9261
10654,CDC_ITF_1569,CDC_ITF,CDC-ITF-ZA-00011,AFRO,South Africa,ZAF,710,national,,,Mass gathering restrictions,Complete restriction,4.3.4,Social and physical distancing measures,"Gatherings, businesses and services","Cancelling, restricting or adapting mass gatherings",,,,all south africans to stay at home except for foodmedical care,,Impose,,,https://www.aljazeera.com/news/2020/03/south-africans-brace-21-day-lockdown-virus-cases-rise-200324073801136.html,,2020-03-26,,2020-03-25,9261
7550,ACAPS_7550,ACAPS,924,AFRO,South Africa,ZAF,710,national,,Movement restrictions,,Border closure,5.5,International travel measures,,Entry screening and isolation or quarantine,No,,,"Of the 53 land ports (also known as border stations) throughout South Africa, 35 will be shut down.",Not applicable,Introduction / extension of measures,SA Government,Government,https://www.gov.za/Coronavirus,,2020-03-16,,2020-03-20,9261
21096,GPHIN06840,GPHIN,6840,AFRO,South Africa,ZAF,710,national,,,,BORDER CLOSING,5.9,International travel measures,,Closing international land borders,,,,"South Africa's President said the government will allow a partial reopening of the economy on 1 May, with travel restrictions eased and some industries allowed to operate under a five-level risk system. He also said the National Coronavirus Command Council decided restrictions will be lowered from level 5 to level 4 from 1 May. 
International borders will remain closed while travel will be only allowed for essential services.",,,,Media,https://www.aljazeera.com/news/2020/04/trump-downplays-threat-coronavirus-returning-live-updates-200423000536161.html,,2020-04-23,,2020-04-23,9261
12980,GPHIN01484,GPHIN,1484,AFRO,South Africa,ZAF,710,national,,,,QUARANTINE / MONITORING,3.2.2,Surveillance and response measures,Tracing and quarantining contacts,Quarantine,,,,"South Africa's National Health Laboratory Service (NHLS), through its internal division the National Institute for Communicable Diseases, is tasked with conducting surveillance for COVID-19 as well as managing potential cases. It has a call centre to help identify any suspected cases. 
Suspected cases and samples of nasal and throat swabs are handled according to a national protocol. Those who are confirmed as infected would be transitioned into isolation units which already exist for diseases. Family, work and social contacts of confirmed cases would be screened and/or self-quarantined until they are shown to be negative. 
Travellers with high fever are being screening at all ports of entry. 
The government has a formal, inter-sectoral plan on how it responds appropriately to COVID-19.",,,,Media,https://www.dailymaverick.co.za/article/2020-02-21-coronavirus-dont-panic-but-south-africa-needs-to-be-prepared/,,2020-02-21,,2020-02-21,9261
27474,OxCGRT5436,OxCGRT,OXCGRT018624,AFRO,South Africa,ZAF,710,national,,,,H4 - emergency investment in healthcare,8.3,Other measures,,Financial packages,,31267209.54,,"Minister for Higher Education, Science and Innovation, Dr Blade Nzimande said that the Department had set aside R12 million and would redirect an additional R30 million for research interventions to assist in dealing with the spread of the virus.     + A special package of R500 million has been set aside for trade finance to import essential medical products to fight the coronavirus outbreak, Minister of Trade and Industry Ebrahim Patel announced      500+12+30 = R542 Million  R542,000,000 on 24th March was 31267209.547 USD    *Table of measures here  https://web.archive.org/web/20200406111033/https://www.whitecase.com/publications/alert/relief-packages-and-support-south-africans-amid-covid-19-pandemic      *Government report for the day https://www.gov.za/speeches/minister-ebrahim-patel-government%E2%80%99s-intervention-measures-coronavirus-24-mar-2020-0000    *News Report https://web.archive.org/web/20200406113225/https://africabusinesscommunities.com/tech/tech-news/south-africa-department-of-science-and-innovation-covid-19-research-under-way/",,,,,,,2020-03-24,,,9261
21732,IHR_557,IHR,349,AFRO,South Africa,ZAF,710,national,,International Travel,,general_req,8.5,Other measures,,,,,,,,,,,,,2020-03-18,,,9261
27466,OxCGRT5428,OxCGRT,OXCGRT018611,AFRO,South Africa,ZAF,710,national,,,,H2 - testing policy -1,3.1.1,Surveillance and response measures,Detecting and isolating cases,Passive case detection,Specific symptoms,,,South African citizens returning from high-risk countries will be subjected to testing  https://web.archive.org/web/20200406162534/https://sacoronavirus.co.za/2020/03/17/travel-advisory-in-response-to-the-covid-19-pandemic/  https://sacoronavirus.co.za/2020/03/11/latest-confirmed-cases-of-covid-19-in-south-africa-11th-march/,,,,,,,2020-03-11,,,9261
27463,OxCGRT5425,OxCGRT,OXCGRT018607,AFRO,South Africa,ZAF,710,national,,,,H2 - testing policy -1,3.1.1,Surveillance and response measures,Detecting and isolating cases,Passive case detection,Specific symptoms,,,"7th March- testing for first confirmed cases, and all those who returned to SA from Italy tested  https://web.archive.org/web/20200406162441/https://sacoronavirus.co.za/2020/03/07/confirmation-of-second-case-of-covid-19-in-south-africa/",,,,,,,2020-03-07,,,9261
27472,OxCGRT5434,OxCGRT,OXCGRT018618,AFRO,South Africa,ZAF,710,national,,,,H2 - testing policy -1,3.1.1,Surveillance and response measures,Detecting and isolating cases,Passive case detection,Specific symptoms,,,At this stage testing is only available to patients who have been assessed by their doctor or healthcare provider and determined to require a COVID-19 test. These patients must meet specific COVID-19 case criteria AND have been abroad OR been in contact with someone with COVID or respiratory illness symptoms  https://web.archive.org/web/20200406163524/https://www.discovery.co.za/corporate/covid19-testing-for-covid-19  https://web.archive.org/web/20200406162757/https://sacoronavirus.co.za/2020/03/19/lockdown-faqs-and-covid-19-information/,,,,,,,2020-03-18,,,9261
15769,GPHIN03593,GPHIN,3593,AFRO,South Africa,ZAF,710,national,,,,OTHER,9,Coding required,Coding required,Coding required,,,,The Government of Nepal  closed Mount Everest for the rest of the expedition season for fear of contamination of the deadly Covid-19 virus. The NepalI Prime Minister's Office said all climbing permits were cancelled for 48 days from March 14. The Himalayan nation has banned travelers from eight countries. China had already cancelled expeditions on the China-controlled north side of Tibet.,,,,Media,,,2020-03-13,,2020-03-13,9261
7574,ACAPS_7574,ACAPS,7054,AFRO,South Africa,ZAF,710,national,,Governance and socio-economic measures,,Military deployment,8.3,Other measures,,Financial packages,No,,,"More than 70,000 extra troops will be deployed in South Africa to help enforce a lockdown intended to stop the spread of coronavirus.",Up to detention,Introduction / extension of measures,BBC,Media,https://www.bbc.com/news/live/world-africa-47639452/page/2,,2020-04-22,,2020-04-22,9261
7579,ACAPS_7579,ACAPS,7280,AFRO,South Africa,ZAF,710,national,,Social distancing,,Public services closure,4,Social and physical distancing measures,,,No,,,Some businesses will be allowed to resume operations under specific conditions. Businesses will be encouraged to adopt a work-from-home strategy where possible. All staff who can work remotely must be allowed to do so.,Not applicable,Phase-out measure,Government of South Africa,Government,https://www.gov.za/speeches/president-cyril-ramaphosa-south-africas-response-coronavirus-covid-19-pandemic-23-apr-2020,,2020-05-01,,2020-04-24,9261
7572,ACAPS_7572,ACAPS,6616,AFRO,South Africa,ZAF,710,national,,Public health measures,,Strengthening the public health system,8.2,Other measures,,Scaling up,No,,,people spreading fake news are liable and may be prosecuted. A phone number and email have been set up for reporting fake news.,Up to detention,Introduction / extension of measures,Government of SA,Social media,https://twitter.com/GovernmentZA/status/1250773605354475520,,2020-04-16,,2020-04-21,9261
27482,OxCGRT5444,OxCGRT,OXCGRT018627,AFRO,South Africa,ZAF,710,national,,,,H3 - contact tracing - 2,3.2.1,Surveillance and response measures,Tracing and quarantining contacts,Contact tracing,Traditional,,,"The interviewee in the first article listed below has stated that the process of tracing has been difficult, but communities throughout South Africa have been responding very well.      At airports officials continue to use thermal screening on all passengers entering South Africa, with those passengers identified as potentially infected at the airport then channelled to the National Institute of Communicable Diseases for further testing, the company said. All passengers are also asked to complete a questionnaire before landing to assist with detection and tracing of potential infections from high-risk areas.     https://www.news24.com/SouthAfrica/News/explainer-what-is-covid-19-contact-tracing-and-how-does-it-work-we-ask-an-expert-20200403     https://www.fin24.com/Companies/TravelAndLeisure/sa-airports-hospitality-industry-step-up-coronavirus-response-20200317",,,,,,,2020-03-27,,,9261
7584,ACAPS_7584,ACAPS,7290,AFRO,South Africa,ZAF,710,national,,Governance and socio-economic measures,,Emergency administrative structures activated or established,8.3,Other measures,,Financial packages,Yes,,,Hotline established for areas is in need of water to contact.,Not applicable,Introduction / extension of measures,Government of South Africa,Social media,https://twitter.com/GovernmentZA/status/1253286349639122944,,2020-04-23,,2020-04-24,9261
7558,ACAPS_7558,ACAPS,1848,AFRO,South Africa,ZAF,710,national,,Movement restrictions,,Visa restrictions,5.2,International travel measures,,Restricting visas,Yes,,,Those travelling from high risk countries from henceforth will be turned back.,Deportation,Introduction / extension of measures,President press conference,Government,https://www.youtube.com/watch?v=H94eg5gEDeE,https://www.cnbcafrica.com/news/2020/03/23/breaking-nationwide-lockdown-announced-in-south-africa/,2020-03-27,,2020-03-23,9261
16782,GPHIN04370,GPHIN,4370,AFRO,South Africa,ZAF,710,national,,,,OTHER,9,Coding required,Coding required,Coding required,,,,"The following is a summary of key developments on the coronavirus as reported today by media sources in Sub-Saharan Africa
The sale of alcohol and cigarettes has been banned for the next three weeks that South Africa will be under a lockdown, officials have announced.",,,,Media,,,2020-03-26,,2020-03-26,9261
20891,GPHIN06697,GPHIN,6697,AFRO,South Africa,ZAF,710,national,,,,LOCKDOWN OR CURFEW,4.5.2,Social and physical distancing measures,Domestic travel,Stay-at-home order,,,,"More than 20,000 police officers have been deployed along with the military to enforce a five-week lockdown under which alcohol sales are prohibited.  Scores of government officials, including 89 police officers, have been arrested for flouting South Africa's coronavirus regulations, many of them for selling confiscated liquor.",,,,Media,https://www.aljazeera.com/news/2020/04/warns-hunger-coronavirus-cases-top-25m-live-updates-200421233559829.html,,2020-04-22,,2020-04-22,9261
7547,ACAPS_7547,ACAPS,578,AFRO,South Africa,ZAF,710,national,,Governance and socio-economic measures,,Emergency administrative structures activated or established,8.3,Other measures,,Financial packages,No,,,Emergency Operations Center of the National Institute of Communicable Diseases has been activated,Not applicable,Introduction / extension of measures,US Embassy,Government,https://za.usembassy.gov/covid-19-information/,,2020-03-10,,2020-03-16,9261
7557,ACAPS_7557,ACAPS,1847,AFRO,South Africa,ZAF,710,national,,Public health measures,,Isolation and quarantine policies,3.1.3,Surveillance and response measures,Detecting and isolating cases,Isolation,Yes,,,Individuals who travelled from high risk countries since 9th of march will be expected to self quarantine for 14 days.,Not applicable,Introduction / extension of measures,President press conference,Government,https://www.youtube.com/watch?v=H94eg5gEDeE,https://www.cnbcafrica.com/news/2020/03/23/breaking-nationwide-lockdown-announced-in-south-africa/,2020-03-27,,2020-03-23,9261
20612,GPHIN06527,GPHIN,6527,AFRO,South Africa,ZAF,710,national,,,,RESTRICTING OR LIMITING GATHERINGS,4.3.3,Social and physical distancing measures,"Gatherings, businesses and services","Cancelling, closing, restricting or adapting public gatherings outside the home",,,,"KwaZulu-Natal authorities announced additional lockdown measures as of 20 April. As such, screening, testing, as well as stricter law enforcement operations will increase in the province.
A previously imposed nationwide lockdown remains in effect until  30 April. The lockdown, prohibits people from leaving their homes unless they are buying food, seeking medical help, or collecting social grants. Emergency responders, health workers, and security services staff are exempted from the measures. All businesses have been ordered to close except for supermarkets, pharmacies, laboratories, banks, petrol stations, health-care providers, and the Johannesburg Stock Exchange. In addition, nearly 20,000 police and soldiers have been deployed to maintain order and ensure that people are respecting lockdown measures.",,,,Media,https://www.garda.com/crisis24/news-alerts/334696/south-africa-authorities-announce-additional-lockdown-measures-in-kwazulu-natal-from-april-20-update-9,,2020-04-21,,2020-04-21,9261
27487,OxCGRT5449,OxCGRT,OXCGRT018652,AFRO,South Africa,ZAF,710,national,,,,E3 - fiscal measures,8.3,Other measures,,Financial packages,,10000000000,,"South African President Cyril Ramaphosa announced a 500 billion rand ($26.3 billion USD) rescue package, equivalent to 10% of the GDP of Africa’s most industrialised nation, to try to cushion the economic blow of the coronavirus pandemic.  The package will target large increases in existing welfare grants, funds for protecting jobs.   Additionally, 200 billion rand ($10 billion USD) in loan guarantees in partnership with the central bank of South Africa, finance ministry and commercial banks, and tax deferral for firms with more than 100 million rand turnover.    https://web.archive.org/web/20200501072953/https://www.ft.com/content/e07b70bd-71ae-4b8a-9855-09665330fed9",,,,,,,2020-04-21,,,9261
7580,ACAPS_7580,ACAPS,7281,AFRO,South Africa,ZAF,710,national,,Movement restrictions,,Border closure,5.5,International travel measures,,Entry screening and isolation or quarantine,No,,,Borders will remain closed EXCEPT for repatriation of South Africans abroad.,Not applicable,Phase-out measure,Government of South Africa,Government,https://www.gov.za/speeches/president-cyril-ramaphosa-south-africas-response-coronavirus-covid-19-pandemic-23-apr-2020,,2020-05-01,,2020-04-24,9261
7548,ACAPS_7548,ACAPS,579,AFRO,South Africa,ZAF,710,national,,Movement restrictions,,Visa restrictions,5.2,International travel measures,,Restricting visas,Yes,,,Authorities imposing travel ban on individuals entering South Africa from various countries affected including the United Kingdom,Not applicable,Introduction / extension of measures,South African Government,Government,https://www.gov.za/Coronavirus,https://www.gov.uk/foreign-travel-advice/south-africa,2020-03-18,,2020-03-16,9261
27480,OxCGRT5442,OxCGRT,OXCGRT018626,AFRO,South Africa,ZAF,710,national,,,,C7 - restrictions on internal movement - 2,4.5.1,Social and physical distancing measures,Domestic travel,Suspending or restricting movement,1,,,"From midnight on Thursday, March 26 until midnight on Thursday, April 16, all South Africans will have to stay at home. Individuals will not be allowed to leave their homes except under strictly controlled circumstances, such as to seek medical care, buy food, medicine and other supplies or collect a social grant.   Can I travel to another province or district? No, movement between provinces is prohibited; and movement between the metropolitan and district areas, is prohibited.  Are family members allowed to travel to other provinces to attend a funeral of a close family member? Certain individuals can move between provinces and, metropolitan and district areas for purposes of transporting a body for burial purposes if they obtain a permit.    https://web.archive.org/web/20200427205507/https://www.aljazeera.com/news/2020/03/south-africans-brace-21-day-lockdown-virus-cases-rise-200324073801136.html  https://web.archive.org/web/20200430111457/https://www.gov.za/Coronavirus/travel  https://web.archive.org/web/20200430112246/https://www.gov.za/coronavirus/faq",Required,,,,,,2020-03-26,,,9261
17097,GPHIN04649,GPHIN,4649,AFRO,South Africa,ZAF,710,national,,,,MASS GATHERING CANCELLATION,4.3.4,Social and physical distancing measures,"Gatherings, businesses and services","Cancelling, restricting or adapting mass gatherings",,,,"South Africa begain a 21-day lockdown on 27 March. All but essential workers must stay home, with only trips to buy groceries or seek medical attention allowed. All restaurants, fast-food outlets, pubs, bars and taverns will be shut and transportation of alcohol has been banned. Ports, land border crossings and airports are effectively shut to passenger traffic. South African police and soldiers have used rubber bullets to enforce lockdown.",,,,Media,https://www.theguardian.com/world/2020/mar/28/south-africa-police-rubber-bullets-shoppers-covid-19-lockdown,,2020-03-31,,2020-03-31,9261
10646,CDC_ITF_1561,CDC_ITF,CDC-ITF-ZA-00002,AFRO,South Africa,ZAF,710,national,,,Travel restrictions,Border closures,5.9,International travel measures,,Closing international land borders,,,,5 land borders out of 53 as well as two sea ports out of 8 closed.. NA,,Impose,,,https://pandemic.internationalsos.com/2019-ncov/ncov-travel-restrictions-flight-operations-and-screening,,2020-03-16,,2020-03-20,9261
7556,ACAPS_7556,ACAPS,1846,AFRO,South Africa,ZAF,710,national,,Governance and socio-economic measures,,Military deployment,8.3,Other measures,,Financial packages,No,,,The military will be deployed to ensure that people abide by the regulations.,Up to detention,Introduction / extension of measures,President press conference,Government,https://www.youtube.com/watch?v=H94eg5gEDeE,https://www.cnbcafrica.com/news/2020/03/23/breaking-nationwide-lockdown-announced-in-south-africa/,2020-03-27,,2020-03-23,9261
21853,IHR_678,IHR,438,AFRO,South Africa,ZAF,710,national,,International Travel,,quarantine_non_nationals,5.5,International travel measures,,Entry screening and isolation or quarantine,,,,,,,,,,,2020-03-23,,,9261
7576,ACAPS_7576,ACAPS,7277,AFRO,South Africa,ZAF,710,national,,Governance and socio-economic measures,,Economic measures,8.3,Other measures,,Financial packages,Yes,,,A special COVID19 Social Relief of Distress grant of R350 a month for the next 6 months will be paid to individuals who are currently unemployed and do not receive any other form of social grant or unemployment payment,Not applicable,Introduction / extension of measures,SA Government,Social media,https://twitter.com/GovernmentZA/status/1252671781535703042,,2020-04-23,,2020-04-24,9261
21851,IHR_676,IHR,438,AFRO,South Africa,ZAF,710,national,,International Travel,,flight_restriction all_country,5.7,International travel measures,,Suspending or restricting international flights,,,,,,,,,,,2020-03-23,,,9261
27481,OxCGRT5443,OxCGRT,OXCGRT018626,AFRO,South Africa,ZAF,710,national,,,,C8 - restrictions on international travel - 4,5.3,International travel measures,,Restricting entry,,,,Full lockdown   All international and domestic flights are prohibited during the lockdown period  https://web.archive.org/web/20200414130108/https://sacoronavirus.co.za/2020/03/18/south-african-tourism-lockdown-faqs/  https://web.archive.org/web/20200430113310/https://www.thesouthafrican.com/travel/what-flights-still-in-south-africa-lockdown-flight-map/,,,,,,,2020-03-26,,,9261
27471,OxCGRT5433,OxCGRT,OXCGRT018618,AFRO,South Africa,ZAF,710,national,,,,C8 - restrictions on international travel - 3,5.3,International travel measures,,Restricting entry,,,,"We are imposing a travel ban on foreign nationals from high-risk countries such as Italy, Iran, South Korea, Spain, Germany, the United States, the United Kingdom and China as from 18 March 2020.  /web/20200430103419/https://www.gov.za/speeches/statement-president-cyril-ramaphosa-measures-combat-covid-19-epidemic-15-mar-2020-0000",,,,,,,2020-03-18,,,9261
7581,ACAPS_7581,ACAPS,7287,AFRO,South Africa,ZAF,710,national,,Social distancing,,Public services closure,4,Social and physical distancing measures,,,No,,,"Public transport will continue to operate, with limitations on the number of passengers and stringent hygiene requirements, including that all passengers must wear a face mask.",Not available,Phase-out measure,Government of South Africa,Government,https://www.gov.za/speeches/president-cyril-ramaphosa-south-africas-response-coronavirus-covid-19-pandemic-23-apr-2020,,2020-05-01,,2020-04-24,9261
27486,OxCGRT5448,OxCGRT,OXCGRT018652,AFRO,South Africa,ZAF,710,national,,,,E2 - debt/contract relief for households,8.3,Other measures,,Financial packages,,,,"200 billion rand ($10 billion USD) in loan guarantees in partnership with the central bank of South Africa, finance ministry and commercial banks, and tax deferral for firms with more than 100 million rand turnover.    https://web.archive.org/web/20200501072953/https://www.ft.com/content/e07b70bd-71ae-4b8a-9855-09665330fed9",,,,,,,2020-04-21,,,9261
